0,1,2,3,4,5,6,7,8,9,10,11,12,13,14,15,16,17,18,19,20,21,22,23,24,25,26,27,28,29,30,31,32,33,34,35,36,37,38,39
Bandara Utama Domestik,,,,,,,,,,,,,,,,,,,,,,,,,,,,,,,,,,,,,,,
,Jumlah Penumpang Pesawat (Angkutan Udara) Domestik di 5 Bandara Utama (Orang),,,,,,,,,,,,,,,,,,,,,,,,,,,,,,,,,,,,,,
,Keberangkatan,,,,,,,,,,,,,Kedatangan,,,,,,,,,,,,,Transit,,,,,,,,,,,,
,2020,,,,,,,,,,,,,2020,,,,,,,,,,,,,2020,,,,,,,,,,,,
,Januari,Februari,Maret,April,Mei,Juni,Juli,Agustus,September,Oktober,November,Desember,Tahunan,Januari,Februari,Maret,April,Mei,Juni,Juli,Agustus,September,Oktober,November,Desember,Tahunan,Januari,Februari,Maret,April,Mei,Juni,Juli,Agustus,September,Oktober,November,Desember,Tahunan
Kualanamu-Medan,288819,227602,172348,29386,3593,28567,62904,89451,74638,85663,116956,133574,1313501,262438,240259,219655,49651,3383,37969,79593,94111,84260,97835,126622,199431,1495207,24676,23756,24593,7265,23,4777,9818,11448,8869,9531,12681,16642,154079
Soekarno Hatta-Jakarta,1600594,1551967,1211697,191002,27500,174352,427731,574597,500591,601391,828893,931481,8621796,1732689,1592390,1118256,165377,33688,182419,415799,584943,480555,577226,821804,911015,8616161,40206,44266,23845,5128,680,5640,3239,2785,9770,7502,5276,104083,252420
Juanda-Surabaya,553747,481881,408725,97748,5397,64137,121240,186467,162402,182889,238036,244579,2747248,595683,543606,458981,120498,9261,80239,175638,203679,180097,223074,277101,314422,3182279,68844,65249,64552,17683,246,10987,30843,35707,28941,32381,43002,42781,441216
Hasanudin-Makassar,308503,273885,230917,49046,6663,40508,79957,134043,129773,156486,193428,194363,1797572,408051,398169,353110,75368,5929,80713,163658,236057,230064,264948,334355,359709,2910131,170672,172643,144716,35023,2084,40275,83239,118438,108788,121914,160330,161346,1319468
Ngurah Rai-Bali,453130,346962,253517,44122,2423,11396,41375,83260,80930,99469,169655,161346,1747585,390425,346328,228835,29193,2673,6446,35802,86225,88588,121696,170247,228945,1735403,29900,31342,31038,8310,3,602,68,2632,7570,9798,11009,13657,145929
Bandara Lainnya,3089453,2903333,2302771,426796,41432,299419,724644,918082,946266,1097102,1419232,1996057,16164587,3157670,2768351,2439415,512498,31218,297824,701006,978666,1013436,1203921,1484771,1989278,16578054,173153,152302,145546,38936,1164,32839,76346,89957,81613,87344,101303,166576,1147079
TOTAL,6294246,5785630,4579975,838100,87008,618379,1457851,1985900,1894600,2223000,2966200,3661400,32392289,6546956,5889103,4818252,952585,86152,685610,1571496,2183681,2077000,2488700,3214900,4002800,34517235,507451,489558,434290,112345,4200,95120,203553,260967,245551,268470,333601,505085,3460191
Bandara Utama Domestik,,,,,,,,,,,,,,,,,,,,,,,,,,,,,,,,,,,,,,,
,Jumlah Penumpang Pesawat (Angkutan Udara) Domestik di 5 Bandara Utama (Orang),,,,,,,,,,,,,,,,,,,,,,,,,,,,,,,,,,,,,,
,Keberangkatan,,,,,,,,,,,,,Kedatangan,,,,,,,,,,,,,Transit,,,,,,,,,,,,
,2021,,,,,,,,,,,,,2021,,,,,,,,,,,,,2021,,,,,,,,,,,,
,Januari,Februari,Maret,April,Mei,Juni,Juli,Agustus,September,Oktober,November,Desember,Tahunan,Januari,Februari,Maret,April,Mei,Juni,Juli,Agustus,September,Oktober,November,Desember,Tahunan,Januari,Februari,Maret,April,Mei,Juni,Juli,Agustus,September,Oktober,November,Desember,Tahunan
Kualanamu-Medan,157614,100191,122498,119306,104644,150762,51362,49711,80935,116465,143606,161457,1358551,124317,106106,134687,141026,125864,165517,58880,59271,85734,126287,159706,228391,1515786,15666,9817,14384,15326,17121,22559,6753,10177,10825,12212,17676,18605,171121
Soekarno Hatta-Jakarta,507262,482132,672107,703135,598615,858770,249940,321287,560577,824287,974987,1192278,7945377,673120,524397,701825,772335,650944,941540,264882,357782,618478,874977,1052519,1197061,8629860,83860,53627,61607,77630,99605,95657,31549,46187,75127,94344,122234,125531,966958
Juanda-Surabaya,189560,152366,198457,219430,210700,346782,74127,97491,166499,231536,278750,305669,2471367,194771,170249,251562,315713,265293,350456,79174,94541,194122,286334,342937,351369,2896521,28645,18637,36137,36919,31458,67254,14088,14751,34406,54536,68151,58606,463588
Hasanudin-Makassar,163992,128429,166182,175885,142954,210516,73783,66276,112102,159016,182441,182396,1763972,250579,215024,287543,304400,261010,381216,126896,132268,227611,321096,361144,365425,3234212,128245,109058,137127,148947,120748,182748,58904,74964,134208,184009,197323,182257,1658538
Ngurah Rai-Bali,118965,71105,116888,142344,121441,225671,49999,47409,113912,224887,274179,318264,1825064,83380,77693,134561,151024,139942,229924,32135,42446,120066,236847,279160,353906,1881084,9762,8225,12624,13683,8617,7321,624,108,961,2656,2289,147,67017
Bandara Lainnya,1199007,971177,1366368,1430800,1258746,1725399,496189,485526,930975,1360809,1641037,1836236,14702269,1243133,1032131,1427922,1464502,1252647,1820847,553133,531592,964289,1420059,1823334,1873948,15407537,83616,87211,101336,118487,97335,122508,54631,48377,83092,94885,152170,116923,1160571
TOTAL,2336400,1905400,2642500,2790900,2437100,3517900,995400,1067700,1965000,2917000,3495000,3996300,30066600,2569300,2125600,2938100,3149000,2695700,3889500,1115100,1217900,2210300,3265600,4018800,4370100,33565000,349794,286575,363215,410992,374884,498047,166549,194564,338619,442642,559843,502069,4487793
Bandara Utama Domestik,,,,,,,,,,,,,,,,,,,,,,,,,,,,,,,,,,,,,,,
,Jumlah Penumpang Pesawat (Angkutan Udara) Domestik di 5 Bandara Utama (Orang),,,,,,,,,,,,,,,,,,,,,,,,,,,,,,,,,,,,,,
,Keberangkatan,,,,,,,,,,,,,Kedatangan,,,,,,,,,,,,,Transit,,,,,,,,,,,,
,2022,,,,,,,,,,,,,2022,,,,,,,,,,,,,2022,,,,,,,,,,,,
,Januari,Februari,Maret,April,Mei,Juni,Juli,Agustus,September,Oktober,November,Desember,Tahunan,Januari,Februari,Maret,April,Mei,Juni,Juli,Agustus,September,Oktober,November,Desember,Tahunan,Januari,Februari,Maret,April,Mei,Juni,Juli,Agustus,September,Oktober,November,Desember,Tahunan
Kualanamu-Medan,225304,137536,177348,166129,245423,217171,230623,193350,179483,189447,188598,198739,2349151,194485,142432,194290,196820,224658,243783,233543,196022,187938,200496,203033,268705,2486205,18835,13858,20300,11569,14919,20676,20300,15671,12615,13612,16463,17487,196305
Soekarno Hatta-Jakarta,1069185,808614,1195183,1206248,1561849,1527629,1566606,1367804,1310419,1405625,1418906,1627832,16065900,1241322,911234,1301181,1175936,1727989,1558715,1597001,1425516,1324100,1401693,1401797,1520795,16587279,131993,93569,118199,96754,117074,64797,80537,54827,12565,12763,12683,23891,819652
Juanda-Surabaya,301152,220164,319093,285101,501021,404070,447785,346118,339071,367656,371289,413988,4316508,357877,267975,385013,392176,479579,451275,472767,390643,384402,416598,413092,463268,4874665,57684,44512,57028,33198,46362,65942,65584,57435,49916,58140,57352,63590,656743
Hasanudin-Makassar,211736,156830,219928,179676,275356,229651,246482,201465,193865,210265,211856,216028,2553138,359032,286631,406941,364710,458467,428603,434486,366130,344336,390243,397893,436667,4674139,178639,146100,204046,181140,207893,206138,211078,192633,172567,199010,208470,218347,2326061
Ngurah Rai-Bali,317662,191034,290652,224687,395423,362418,408296,341349,299634,341780,317266,388008,3878209,280455,193436,283801,244839,376693,383114,386949,356501,327148,352200,339073,454652,3978861,99,6,131,912,227,71,990,17500,16415,18718,17702,17194,89965
Bandara Lainnya,1768961,1360522,1741696,1702659,2305928,2131861,2132408,1825214,1826528,2052427,2112685,2435005,23395894,1830929,1372892,1759774,1732219,2385514,2211110,2271254,2202688,1859876,2146762,2204112,2476413,24453543,118764,94806,126496,128481,129580,145031,137549,135626,119653,137717,132408,140364,1546475
TOTAL,3894000,2874700,3943900,3764500,5285000,4872800,5032200,4275300,4149000,4567200,4620600,5279600,52558800,4264100,3174600,4331000,4106700,5652900,5276600,5396000,4937500,4427800,4907992,4959000,5620500,57054692,506014,392851,526200,452054,516055,502655,516038,473692,383731,439960,445078,480873,5635201
Bandara Utama Domestik,,,,,,,,,,,,,,,,,,,,,,,,,,,,,,,,,,,,,,,
,Jumlah Penumpang Pesawat (Angkutan Udara) Domestik di 5 Bandara Utama (Orang),,,,,,,,,,,,,,,,,,,,,,,,,,,,,,,,,,,,,,
,Keberangkatan,,,,,,,,,,,,,Kedatangan,,,,,,,,,,,,,Transit,,,,,,,,,,,,
,2023,,,,,,,,,,,,,2023,,,,,,,,,,,,,2023,,,,,,,,,,,,
,Januari,Februari,Maret,April,Mei,Juni,Juli,Agustus,September,Oktober,November,Desember,Tahunan,Januari,Februari,Maret,April,Mei,Juni,Juli,Agustus,September,Oktober,November,Desember,Tahunan,Januari,Februari,Maret,April,Mei,Juni,Juli,Agustus,September,Oktober,November,Desember,Tahunan
Kualanamu-Medan,255263,190693,197738,209681,251463,216748,248679,209408,190778,197989,187237,187584,2543261,225371,199003,228797,242933,247289,259573,248374,215767,203850,208016,206055,254894,2739922,17978,19834,20181,20106,24974,24114,23589,18646,16668,16286,20162,17398,239936
Soekarno Hatta-Jakarta,1419611,1295180,1452671,1490809,1645124,1608563,1737637,1525937,1468845,1582366,1599568,1712363,18538674,1514709,1340349,1452393,1481733,1726730,1626363,1759922,1561457,1495622,1631748,1608502,1653057,18852585,28912,34035,26994,23982,35807,36392,24665,25083,21274,22835,26281,31905,338165
Juanda-Surabaya,408885,364358,387720,387112,551152,440885,521681,416647,415522,448181,417901,446702,5206746,445090,435238,468376,513523,517893,525460,534559,494967,486655,499884,472146,501797,5895588,62828,59220,65281,47149,74862,76344,73445,72688,70295,70978,72404,62328,807822
Hasanudin-Makassar,231757,201365,226555,214910,266986,224750,290263,225646,223066,229759,224648,222794,2782499,387684,359886,407844,404961,463220,439612,470223,402675,396091,415679,409083,437363,4994321,189447,179863,197130,184699,221587,200765,219993,191906,189791,201105,199110,202079,2377475
Ngurah Rai-Bali,395530,299968,329969,332329,380661,423745,489801,427258,389220,435834,386832,429996,4721143,348284,324185,350276,378618,397549,463368,483821,444487,423011,437874,409860,493653,4954986,14044,15746,23567,21412,26495,22035,20458,19436,19416,19408,19593,20726,242336
Bandara Lainnya,2078457,2060039,2222050,2398462,2655317,2561312,2666842,2438407,2337272,2449674,2404317,2619459,28891608,2196054,2099531,2322306,2373324,2820311,2604516,2938193,2498239,2395563,2531791,2606546,2653322,30039696,124982,115225,152353,124658,153275,137227,176645,138845,131242,132185,128610,134030,1649277
TOTAL,4789503,4411603,4816703,5033303,5750703,5476003,5954903,5243303,5024703,5343803,5220503,5618898,62683931,5117192,4758192,5229992,5395092,6172992,5918892,6435092,5617592,5400792,5724992,5712192,5994086,67477098,438191,423923,485506,422006,537000,496877,538795,466604,448686,462797,466160,468466,5655011
Bandara Utama Domestik,,,,,,,,,,,,,,,,,,,,,,,,,,,,,,,,,,,,,,,
,Jumlah Penumpang Pesawat (Angkutan Udara) Domestik di 5 Bandara Utama (Orang),,,,,,,,,,,,,,,,,,,,,,,,,,,,,,,,,,,,,,
,Keberangkatan,,,,,,,,,,,,,Kedatangan,,,,,,,,,,,,,Transit,,,,,,,,,,,,
,2024,,,,,,,,,,,,,2024,,,,,,,,,,,,,2024,,,,,,,,,,,,
,Januari,Februari,Maret,April,Mei,Juni,Juli,Agustus,September,Oktober,November,Desember,Tahunan,Januari,Februari,Maret,April,Mei,Juni,Juli,Agustus,September,Oktober,November,Desember,Tahunan,Januari,Februari,Maret,April,Mei,Juni,Juli,Agustus,September,Oktober,November,Desember,Tahunan
Kualanamu-Medan,225772,178374,158265,230344,191394,190287,216423,190270,205372,177282,167498,188929,2320210,198706,179372,184836,225678,192714,202336,214016,189341,206099,183763,176016,244967,2397844,16630,14430,13299,13219,12690,10270,10371,7418,8818,6572,6302,8199,128218
Soekarno Hatta-Jakarta,1377314,1346856,1362594,1606572,1560672,1584802,1767891,1643381,1614542,1576731,1473972,1747097,18662424,1480626,1412384,1355273,1708263,1601700,1631671,1758303,1724914,1685953,1617089,1480323,1641262,19097761,38378,36464,31428,57703,44056,41406,34085,29585,37184,39787,45755,55547,491378
Juanda-Surabaya,407656,357400,356325,498901,498862,448073,519012,431557,435594,441084,399840,483006,5277310,431195,433919,433316,570889,446800,525882,526993,509346,486022,484438,437405,519387,5805592,53584,51253,51366,37454,56380,59261,62415,64610,58290,51197,52788,31124,629722
Hasanudin-Makassar,226312,197691,196465,267090,232896,233781,279344,242746,237863,229525,208352,246126,2798191,358450,309895,344151,429960,373186,404828,434884,398942,385734,391830,348383,437912,4618155,161742,130643,153344,169313,160024,159035,181815,164582,162566,168637,147066,167529,1926296
Ngurah Rai-Bali,404413,355648,302332,386965,413208,395723,456189,450506,423374,386797,343317,400576,4719048,364582,377460,306271,417229,433149,424236,468573,463714,427090,406344,354045,459066,4901759,16569,15929,17786,26973,21207,17576,20673,19940,17640,18242,13696,17605,223836
Bandara Lainnya,2214933,2109931,2102919,2878028,2404568,2585934,2804641,2617440,2541255,2508581,2334721,2812366,29915317,2277572,2077847,2123289,2812114,2498667,2505863,2922785,2563697,2551488,2504011,2318016,2737495,29892844,112795,94857,104480,136379,116502,121696,140746,124719,124315,103226,107317,115468,1402500
TOTAL,4856400,4545900,4478900,5867900,5301600,5438600,6043500,5575900,5458000,5320000,4927700,5878100,63692500,5111131,4790877,4747136,6164133,5546216,5694816,6325554,5849954,5742386,5587475,5114188,6040089,66713955,399698,343576,371703,441041,410859,409244,450105,410854,408813,387661,372924,395472,4801950
Bandara Utama Domestik,,,,,,,,,,,,,,,,,,,,,,,,,,,,,,,,,,,,,,,
,Jumlah Penumpang Pesawat (Angkutan Udara) Domestik di 5 Bandara Utama (Orang),,,,,,,,,,,,,,,,,,,,,,,,,,,,,,,,,,,,,,
,Keberangkatan,,,,,,,,,,,,,Kedatangan,,,,,,,,,,,,,Transit,,,,,,,,,,,,
,2025,,,,,,,,,,,,,2025,,,,,,,,,,,,,2025,,,,,,,,,,,,
,Januari,Februari,Maret,April,Mei,Juni,Juli,Agustus,September,Oktober,November,Desember,Tahunan,Januari,Februari,Maret,April,Mei,Juni,Juli,Agustus,September,Oktober,November,Desember,Tahunan,Januari,Februari,Maret,April,Mei,Juni,Juli,Agustus,September,Oktober,November,Desember,Tahunan
Kualanamu-Medan,229697,173320,153982,232023,169674,189117,211247,185670,-,-,-,-,-,207422,161330,193505,202005,171133,193065,205466,180105,-,-,-,-,-,9198,5891,5750,7968,5937,5359,6782,5210,-,-,-,-,-
Soekarno Hatta-Jakarta,1339122,1237616,1195980,1347295,1219107,1328861,1481768,1402873,-,-,-,-,-,1552053,1386144,1226178,1651980,1380748,1512252,1632745,1624834,-,-,-,-,-,207201,172567,183990,213525,158083,177936,198651,195702,-,-,-,-,-
Juanda-Surabaya,423408,359514,331006,547950,434340,437774,476281,410380,-,-,-,-,-,457319,414176,456424,480230,411716,488724,486863,460900,-,-,-,-,-,43647,39931,15659,28873,41367,42261,46202,40659,-,-,-,-,-
Hasanudin-Makassar,256929,214575,191241,284832,207855,246555,274521,245166,-,-,-,-,-,365138,324534,335526,392513,333281,386636,413325,382487,-,-,-,-,-,134086,121919,119588,138850,123488,142373,159021,144213,-,-,-,-,-
Ngurah Rai-Bali,404470,294415,236908,366090,345626,370446,433518,426815,-,-,-,-,-,366536,299218,265037,374084,366464,394972,440729,421565,-,-,-,-,-,13473,14728,17952,22287,15786,16056,17220,15133,-,-,-,-,-
Bandara Lainnya,2457146,2138912,2170951,2668465,2162887,2431856,2588430,2430661,-,-,-,-,-,2528357,2145494,2147026,2789487,2219693,2436247,2728222,2457694,-,-,-,-,-,96127,82443,81620,113494,90174,105543,128659,96900,-,-,-,-,-
TOTAL,5110772,4418352,4280068,5446655,4539489,5004609,5465765,5101565,-,-,-,-,-,5476825,4730896,4623696,5890299,4883035,5411896,5907350,5527585,-,-,-,-,-,503732,437479,424559,524997,434835,489528,556535,497817,-,-,-,-,-
